id,name,city,state,latitude,longitude,league,stadium,stadium_capacity,joined_year,head_coach,team_url,wikipedia_url,logo_url
atlanta-united,Atlanta United FC,Atlanta,Georgia,33.75555556,-84.4,MLS,Mercedes-Benz Stadium,42500,2017,Rob Valentino,https://www.atlutd.com/,https://en.wikipedia.org/wiki/Atlanta_United_FC,https://shdrojejslhgnojzkzak.supabase.co/storage/v1/object/public/public/major-league-github/team-logos/atlanta-united.png
austin-fc,Austin FC,Austin,Texas,30.3877,-97.7195,MLS,Q2 Stadium,20738,2021,Josh Wolff,https://www.austinfc.com/,https://en.wikipedia.org/wiki/Austin_FC,https://shdrojejslhgnojzkzak.supabase.co/storage/v1/object/public/public/major-league-github/team-logos/austin-fc.png
cf-montreal,CF Montréal,Montreal,Quebec,45.56305556,-73.5525,MLS,Saputo Stadium,19619,2012,Laurent Courtois,https://www.cfmontreal.com/,https://en.wikipedia.org/wiki/CF_Montr%C3%A9al,https://shdrojejslhgnojzkzak.supabase.co/storage/v1/object/public/public/major-league-github/team-logos/cf-montreal.png
charlotte-fc,Charlotte FC,Charlotte,North Carolina,35.22583333,-80.85277778,MLS,Bank of America Stadium,38000,2022,Dean Smith,https://www.charlottefootballclub.com/,https://en.wikipedia.org/wiki/Charlotte_FC,https://shdrojejslhgnojzkzak.supabase.co/storage/v1/object/public/public/major-league-github/team-logos/charlotte-fc.png
chicago-fire,Chicago Fire FC,Chicago,Illinois,41.8623,-87.6167,MLS,Soldier Field,24995,1998,Frank Klopas,https://www.chicagofirefc.com/,https://en.wikipedia.org/wiki/Chicago_Fire_FC,https://shdrojejslhgnojzkzak.supabase.co/storage/v1/object/public/public/major-league-github/team-logos/chicago-fire.png
colorado-rapids,Colorado Rapids,Commerce City,Colorado,39.80555556,-104.89194444,MLS,Dick's Sporting Goods Park,18061,1996,Chris Armas,https://www.coloradorapids.com/,https://en.wikipedia.org/wiki/Colorado_Rapids,https://shdrojejslhgnojzkzak.supabase.co/storage/v1/object/public/public/major-league-github/team-logos/colorado-rapids.png
columbus-crew,Columbus Crew,Columbus,Ohio,39.96846111,-83.01708889,MLS,Lower.com Field,20371,1996,Wilfried Nancy,http://columbuscrew.com/,https://en.wikipedia.org/wiki/Columbus_Crew,https://shdrojejslhgnojzkzak.supabase.co/storage/v1/object/public/public/major-league-github/team-logos/columbus-crew.png
dc-united,D.C. United,Washington,D.C.,38.868411,-77.012869,MLS,Audi Field,20000,1996,Troy Lesesne,https://www.dcunited.com/,https://en.wikipedia.org/wiki/D.C._United,https://shdrojejslhgnojzkzak.supabase.co/storage/v1/object/public/public/major-league-github/team-logos/dc-united.png
fc-cincinnati,FC Cincinnati,Cincinnati,Ohio,39.11138889,-84.52222222,MLS,TQL Stadium,26000,2019,Pat Noonan,https://www.fccincinnati.com/,https://en.wikipedia.org/wiki/FC_Cincinnati,https://shdrojejslhgnojzkzak.supabase.co/storage/v1/object/public/public/major-league-github/team-logos/fc-cincinnati.png
fc-dallas,FC Dallas,Frisco,Texas,33.15444444,-96.83527778,MLS,Toyota Stadium,19096,1996,Peter Luccin,https://www.fcdallas.com/,https://en.wikipedia.org/wiki/FC_Dallas,https://shdrojejslhgnojzkzak.supabase.co/storage/v1/object/public/public/major-league-github/team-logos/fc-dallas.png
houston-dynamo,Houston Dynamo FC,Houston,Texas,29.7522,-95.3524,MLS,Shell Energy Stadium,22039,2006,Ben Olsen,https://www.houstondynamo.com/,https://en.wikipedia.org/wiki/Houston_Dynamo_FC,https://shdrojejslhgnojzkzak.supabase.co/storage/v1/object/public/public/major-league-github/team-logos/houston-dynamo.png
inter-miami,Inter Miami CF,Fort Lauderdale,Florida,26.19305556,-80.16111111,MLS,Chase Stadium,21550,2020,Gerardo Martino,https://www.intermiamicf.com/,https://en.wikipedia.org/wiki/Inter_Miami_CF,https://shdrojejslhgnojzkzak.supabase.co/storage/v1/object/public/public/major-league-github/team-logos/inter-miami.png
la-galaxy,LA Galaxy,Carson,California,33.864,-118.261,MLS,Dignity Health Sports Park,27000,1996,Greg Vanney,https://www.lagalaxy.com/,https://en.wikipedia.org/wiki/LA_Galaxy,https://shdrojejslhgnojzkzak.supabase.co/storage/v1/object/public/public/major-league-github/team-logos/la-galaxy.png
lafc,Los Angeles FC,Los Angeles,California,34.013,-118.285,MLS,BMO Stadium,22000,2018,Steve Cherundolo,https://www.lafc.com/,https://en.wikipedia.org/wiki/Los_Angeles_FC,https://shdrojejslhgnojzkzak.supabase.co/storage/v1/object/public/public/major-league-github/team-logos/lafc.png
minnesota-united,Minnesota United FC,Saint Paul,Minnesota,44.95277778,-93.165,MLS,Allianz Field,19400,2017,Eric Ramsay,https://www.mnufc.com/,https://en.wikipedia.org/wiki/Minnesota_United_FC,https://shdrojejslhgnojzkzak.supabase.co/storage/v1/object/public/public/major-league-github/team-logos/minnesota-united.png
nashville-sc,Nashville SC,Nashville,Tennessee,36.13027778,-86.76555556,MLS,Geodis Park,30000,2020,B.J. Callaghan,https://www.nashvillesc.com/,https://en.wikipedia.org/wiki/Nashville_SC,https://shdrojejslhgnojzkzak.supabase.co/storage/v1/object/public/public/major-league-github/team-logos/nashville-sc.png
new-england-revolution,New England Revolution,Foxborough,Massachusetts,42.091,-71.264,MLS,Gillette Stadium,20000,1996,Caleb Porter,https://www.revolutionsoccer.net/,https://en.wikipedia.org/wiki/New_England_Revolution,https://shdrojejslhgnojzkzak.supabase.co/storage/v1/object/public/public/major-league-github/team-logos/new-england-revolution.svg
nycfc,New York City FC,New York City,New York,40.82916667,-73.92638889,MLS,Yankee Stadium,30321,2015,Nick Cushing,https://www.nycfc.com/,https://en.wikipedia.org/wiki/New_York_City_FC,https://shdrojejslhgnojzkzak.supabase.co/storage/v1/object/public/public/major-league-github/team-logos/nycfc.png
ny-red-bulls,New York Red Bulls,Harrison,New Jersey,40.73666667,-74.15027778,MLS,Red Bull Arena,25000,1996,Sandro Schwarz,https://www.newyorkredbulls.com/,https://en.wikipedia.org/wiki/New_York_Red_Bulls,https://shdrojejslhgnojzkzak.supabase.co/storage/v1/object/public/public/major-league-github/team-logos/ny-red-bulls.png
orlando-city,Orlando City SC,Orlando,Florida,28.5411,-81.3893,MLS,Inter&Co Stadium,25500,2015,Óscar Pareja,https://www.orlandocitysc.com/,https://en.wikipedia.org/wiki/Orlando_City_SC,https://shdrojejslhgnojzkzak.supabase.co/storage/v1/object/public/public/major-league-github/team-logos/orlando-city.png
philadelphia-union,Philadelphia Union,Chester,Pennsylvania,39.83222222,-75.37888889,MLS,Subaru Park,18500,2010,Jim Curtin,https://www.philadelphiaunion.com/,https://en.wikipedia.org/wiki/Philadelphia_Union,https://shdrojejslhgnojzkzak.supabase.co/storage/v1/object/public/public/major-league-github/team-logos/philadelphia-union.png
portland-timbers,Portland Timbers,Portland,Oregon,45.52138889,-122.69166667,MLS,Providence Park,25218,2011,Phil Neville,https://www.timbers.com/,https://en.wikipedia.org/wiki/Portland_Timbers,https://shdrojejslhgnojzkzak.supabase.co/storage/v1/object/public/public/major-league-github/team-logos/portland-timbers.png
real-salt-lake,Real Salt Lake,Sandy,Utah,40.5829,-111.8934,MLS,America First Field,20213,2005,Pablo Mastroeni,https://www.rsl.com/,https://en.wikipedia.org/wiki/Real_Salt_Lake,https://shdrojejslhgnojzkzak.supabase.co/storage/v1/object/public/public/major-league-github/team-logos/real-salt-lake.png
san-jose-earthquakes,San Jose Earthquakes,San Jose,California,37.35138889,-121.925,MLS,PayPal Park,18000,1996,Ian Russell,https://www.sjearthquakes.com/,https://en.wikipedia.org/wiki/San_Jose_Earthquakes,https://shdrojejslhgnojzkzak.supabase.co/storage/v1/object/public/public/major-league-github/team-logos/san-jose-earthquakes.png
seattle-sounders,Seattle Sounders FC,Seattle,Washington,47.5952,-122.3316,MLS,Lumen Field,37722,2009,Brian Schmetzer,https://www.soundersfc.com/,https://en.wikipedia.org/wiki/Seattle_Sounders_FC,https://shdrojejslhgnojzkzak.supabase.co/storage/v1/object/public/public/major-league-github/team-logos/seattle-sounders.png
sporting-kc,Sporting Kansas City,Kansas City,Kansas,39.12174,-94.82318,MLS,Children's Mercy Park,18467,1996,Peter Vermes,https://www.sportingkc.com/,https://en.wikipedia.org/wiki/Sporting_Kansas_City,https://shdrojejslhgnojzkzak.supabase.co/storage/v1/object/public/public/major-league-github/team-logos/sporting-kc.png
st-louis-city,St. Louis City SC,St. Louis,Missouri,38.63138889,-90.21027778,MLS,CityPark,22423,2023,John Hackworth,https://www.stlcitysc.com/,https://en.wikipedia.org/wiki/St._Louis_City_SC,https://shdrojejslhgnojzkzak.supabase.co/storage/v1/object/public/public/major-league-github/team-logos/st-louis-city.svg
toronto-fc,Toronto FC,Toronto,Ontario,43.63277778,-79.41861111,MLS,BMO Field,28351,2007,John Herdman,https://www.torontofc.ca/,https://en.wikipedia.org/wiki/Toronto_FC,https://shdrojejslhgnojzkzak.supabase.co/storage/v1/object/public/public/major-league-github/team-logos/toronto-fc.png
vancouver-whitecaps,Vancouver Whitecaps FC,Vancouver,British Columbia,49.27666667,-123.11194444,MLS,BC Place,22120,2011,Vanni Sartini,https://www.whitecapsfc.com/,https://en.wikipedia.org/wiki/Vancouver_Whitecaps_FC,https://shdrojejslhgnojzkzak.supabase.co/storage/v1/object/public/public/major-league-github/team-logos/vancouver-whitecaps.svg